Epoch,D_loss,G_loss
0,0.6754522,4.1679797
